"profile","Park","year","rate_percent","avg_annual_rate"
1,"Haynisisoos Park, North Beach","97",NA,3.78774154623536
1,"Haynisisoos Park, North Beach","98",8.42552826959508,3.78774154623536
1,"Haynisisoos Park, North Beach","99",-0.850045177124355,3.78774154623536
2,"Santiago, North Beach","97",NA,2.23553193084623
2,"Santiago, North Beach","98",4.89998175177763,2.23553193084623
2,"Santiago, North Beach","99",8.85815511053155,2.23553193084623
2,"Santiago, North Beach","10",-4.56101932857794,2.23553193084623
2,"Santiago, North Beach","11",15.0633554760259,2.23553193084623
2,"Santiago, North Beach","12",-6.94059086290624,2.23553193084623
2,"Santiago, North Beach","13",-3.97925313692916,2.23553193084623
2,"Santiago, North Beach","14",1.99724988612267,2.23553193084623
2,"Santiago, North Beach","15",1.6242430927214,2.23553193084623
2,"Santiago, North Beach","16",2.00980433280767,2.23553193084623
2,"Santiago, North Beach","17",-0.229359433168718,2.23553193084623
2,"Santiago, North Beach","18",-0.0879514145033088,2.23553193084623
2,"Santiago, North Beach","19",8.17176769625329,2.23553193084623
3,"L443, North Beach","97",NA,3.53046997180998
3,"L443, North Beach","98",22.4991557501795,3.53046997180998
3,"L443, North Beach","99",-0.583695432925727,3.53046997180998
3,"L443, North Beach","10",-0.238825159107757,3.53046997180998
3,"L443, North Beach","11",16.9465902980751,3.53046997180998
3,"L443, North Beach","12",-9.92653090428201,3.53046997180998
3,"L443, North Beach","13",4.7063205646235,3.53046997180998
3,"L443, North Beach","14",-1.42468651557831,3.53046997180998
3,"L443, North Beach","15",5.17588901494535,3.53046997180998
3,"L443, North Beach","16",4.26463321992044,3.53046997180998
3,"L443, North Beach","17",-8.89636574272238,3.53046997180998
3,"L443, North Beach","18",5.69960408733956,3.53046997180998
3,"L443, North Beach","19",4.14355048125247,3.53046997180998
4,"B1, North Beach","97",NA,2.39722415725333
4,"B1, North Beach","98",19.8908064167242,2.39722415725333
4,"B1, North Beach","99",-0.318932209240923,2.39722415725333
4,"B1, North Beach","10",-0.690076888167277,2.39722415725333
4,"B1, North Beach","11",6.04264746417021,2.39722415725333
4,"B1, North Beach","12",0.0459965917887153,2.39722415725333
4,"B1, North Beach","13",1.47655955524145,2.39722415725333
4,"B1, North Beach","14",-1.33260462810818,2.39722415725333
4,"B1, North Beach","15",2.0105662919946,2.39722415725333
4,"B1, North Beach","16",2.53734346347509,2.39722415725333
4,"B1, North Beach","17",-2.58682796246754,2.39722415725333
4,"B1, North Beach","18",-1.55681957266348,2.39722415725333
4,"B1, North Beach","19",3.24803136429316,2.39722415725333
5,"A1.5, North Beach","97",NA,2.19394447166008
5,"A1.5, North Beach","98",12.3202032816447,2.19394447166008
5,"A1.5, North Beach","99",11.026331784956,2.19394447166008
5,"A1.5, North Beach","10",-5.25206084817481,2.19394447166008
5,"A1.5, North Beach","11",6.0403962803797,2.19394447166008
5,"A1.5, North Beach","12",-0.581259995477636,2.19394447166008
5,"A1.5, North Beach","13",-0.0954304468077137,2.19394447166008
5,"A1.5, North Beach","14",-0.98244284819519,2.19394447166008
5,"A1.5, North Beach","15",2.89817179138832,2.19394447166008
5,"A1.5, North Beach","16",3.92664586990093,2.19394447166008
5,"A1.5, North Beach","17",-11.3276799089481,2.19394447166008
5,"A1.5, North Beach","18",6.14524700597352,2.19394447166008
5,"A1.5, North Beach","19",2.20921169328122,2.19394447166008
6,"Moclips, North Beach","97",NA,3.19749365984076
6,"Moclips, North Beach","98",14.8681655306271,3.19749365984076
6,"Moclips, North Beach","99",6.91452169745796,3.19749365984076
6,"Moclips, North Beach","10",-10.1848583446808,3.19749365984076
6,"Moclips, North Beach","11",22.0144955287576,3.19749365984076
6,"Moclips, North Beach","12",-3.10529870156694,3.19749365984076
6,"Moclips, North Beach","13",3.60311531209758,3.19749365984076
6,"Moclips, North Beach","14",2.61544506241695,3.19749365984076
6,"Moclips, North Beach","15",-6.77473076087467,3.19749365984076
6,"Moclips, North Beach","16",4.4535988801309,3.19749365984076
6,"Moclips, North Beach","17",-8.65678306663496,3.19749365984076
6,"Moclips, North Beach","18",8.67680333544526,3.19749365984076
6,"Moclips, North Beach","19",3.94544944491305,3.19749365984076
7,"Pacific Beach, North Beach","97",NA,2.69032874843393
7,"Pacific Beach, North Beach","98",25.2390764733826,2.69032874843393
7,"Pacific Beach, North Beach","99",-2.54121025513021,2.69032874843393
7,"Pacific Beach, North Beach","10",-8.17378933980462,2.69032874843393
7,"Pacific Beach, North Beach","11",8.81620624163054,2.69032874843393
7,"Pacific Beach, North Beach","12",3.08230942911549,2.69032874843393
7,"Pacific Beach, North Beach","13",6.48691236565906,2.69032874843393
7,"Pacific Beach, North Beach","14",-2.89958810643193,2.69032874843393
7,"Pacific Beach, North Beach","15",2.77099520358856,2.69032874843393
7,"Pacific Beach, North Beach","16",-8.16964967035199,2.69032874843393
7,"Pacific Beach, North Beach","17",-1.07991569083377,2.69032874843393
7,"Pacific Beach, North Beach","18",0.489918714665624,2.69032874843393
7,"Pacific Beach, North Beach","19",8.26267961571776,2.69032874843393
8,"Roosevelt Beach Rd OBA, North Beach","97",NA,1.78830324529419
8,"Roosevelt Beach Rd OBA, North Beach","98",18.0184829628254,1.78830324529419
8,"Roosevelt Beach Rd OBA, North Beach","99",-1.3529104156666,1.78830324529419
8,"Roosevelt Beach Rd OBA, North Beach","10",-5.77848257153516,1.78830324529419
8,"Roosevelt Beach Rd OBA, North Beach","11",14.6936501566484,1.78830324529419
8,"Roosevelt Beach Rd OBA, North Beach","12",-3.28068601217557,1.78830324529419
8,"Roosevelt Beach Rd OBA, North Beach","13",2.57058336106094,1.78830324529419
8,"Roosevelt Beach Rd OBA, North Beach","14",-3.35190994726136,1.78830324529419
8,"Roosevelt Beach Rd OBA, North Beach","15",2.04143360934342,1.78830324529419
8,"Roosevelt Beach Rd OBA, North Beach","16",-4.67382670644641,1.78830324529419
8,"Roosevelt Beach Rd OBA, North Beach","17",5.54780979384462,1.78830324529419
8,"Roosevelt Beach Rd OBA, North Beach","18",-6.09346056336156,1.78830324529419
8,"Roosevelt Beach Rd OBA, North Beach","19",3.11895527625423,1.78830324529419
9,"Griffiths-Priday State Park, North Beach","97",NA,2.20803313790605
9,"Griffiths-Priday State Park, North Beach","98",5.64679039311997,2.20803313790605
9,"Griffiths-Priday State Park, North Beach","99",2.11242817201205,2.20803313790605
9,"Griffiths-Priday State Park, North Beach","10",3.73115296783738,2.20803313790605
9,"Griffiths-Priday State Park, North Beach","11",12.8745781190372,2.20803313790605
9,"Griffiths-Priday State Park, North Beach","12",-1.36781024035097,2.20803313790605
9,"Griffiths-Priday State Park, North Beach","13",4.03576157881003,2.20803313790605
9,"Griffiths-Priday State Park, North Beach","14",0.487027343912177,2.20803313790605
9,"Griffiths-Priday State Park, North Beach","15",-1.41923704978398,2.20803313790605
9,"Griffiths-Priday State Park, North Beach","16",-6.70099030649287,2.20803313790605
9,"Griffiths-Priday State Park, North Beach","17",7.71780842430245,2.20803313790605
9,"Griffiths-Priday State Park, North Beach","18",-6.00505706250103,2.20803313790605
9,"Griffiths-Priday State Park, North Beach","19",5.38394531497027,2.20803313790605
10,"Ocean City OBA, North Beach","97",NA,4.4141742693079
10,"Ocean City OBA, North Beach","98",3.18452359395352,4.4141742693079
10,"Ocean City OBA, North Beach","99",-2.54642710435119,4.4141742693079
10,"Ocean City OBA, North Beach","10",35.3769094290902,4.4141742693079
10,"Ocean City OBA, North Beach","11",11.3616026516793,4.4141742693079
10,"Ocean City OBA, North Beach","12",3.33706160026495,4.4141742693079
10,"Ocean City OBA, North Beach","13",-7.42869635662811,4.4141742693079
10,"Ocean City OBA, North Beach","14",-3.22543341446429,4.4141742693079
10,"Ocean City OBA, North Beach","15",11.0454042530734,4.4141742693079
10,"Ocean City OBA, North Beach","16",4.81806444951945,4.4141742693079
10,"Ocean City OBA, North Beach","17",-12.2480411162109,4.4141742693079
10,"Ocean City OBA, North Beach","18",4.19294891235623,4.4141742693079
10,"Ocean City OBA, North Beach","19",5.10217433341225,4.4141742693079
11,"Ocean Shores SR 115 OBA, North Beach","97",NA,3.87152350971926
11,"Ocean Shores SR 115 OBA, North Beach","98",0.124014464285936,3.87152350971926
11,"Ocean Shores SR 115 OBA, North Beach","99",1.5536908271882,3.87152350971926
11,"Ocean Shores SR 115 OBA, North Beach","10",27.3747404209294,3.87152350971926
11,"Ocean Shores SR 115 OBA, North Beach","11",13.2299980626737,3.87152350971926
11,"Ocean Shores SR 115 OBA, North Beach","12",0.463963117349699,3.87152350971926
11,"Ocean Shores SR 115 OBA, North Beach","13",3.61717030182276,3.87152350971926
11,"Ocean Shores SR 115 OBA, North Beach","14",-3.76864297742064,3.87152350971926
11,"Ocean Shores SR 115 OBA, North Beach","15",-0.110427053240707,3.87152350971926
11,"Ocean Shores SR 115 OBA, North Beach","16",2.49007455472965,3.87152350971926
11,"Ocean Shores SR 115 OBA, North Beach","17",-3.26795156739764,3.87152350971926
11,"Ocean Shores SR 115 OBA, North Beach","18",5.31542554662229,3.87152350971926
11,"Ocean Shores SR 115 OBA, North Beach","19",-0.563773580911493,3.87152350971926
12,"Ocean Shores Pacific Blvd OBA, North Beach","97",NA,4.49819516638607
12,"Ocean Shores Pacific Blvd OBA, North Beach","98",1.18449564751605,4.49819516638607
12,"Ocean Shores Pacific Blvd OBA, North Beach","99",1.49200747363459,4.49819516638607
12,"Ocean Shores Pacific Blvd OBA, North Beach","10",25.1332058125598,4.49819516638607
12,"Ocean Shores Pacific Blvd OBA, North Beach","11",16.229907010691,4.49819516638607
12,"Ocean Shores Pacific Blvd OBA, North Beach","12",1.96430959541986,4.49819516638607
12,"Ocean Shores Pacific Blvd OBA, North Beach","13",-3.01251984266533,4.49819516638607
12,"Ocean Shores Pacific Blvd OBA, North Beach","14",2.1320198410841,4.49819516638607
12,"Ocean Shores Pacific Blvd OBA, North Beach","15",-0.758169962332356,4.49819516638607
12,"Ocean Shores Pacific Blvd OBA, North Beach","16",7.92630715082895,4.49819516638607
12,"Ocean Shores Pacific Blvd OBA, North Beach","17",-11.1251842026671,4.49819516638607
12,"Ocean Shores Pacific Blvd OBA, North Beach","18",3.57317940033081,4.49819516638607
12,"Ocean Shores Pacific Blvd OBA, North Beach","19",9.23878407223238,4.49819516638607
13,"Ocean Shores Butter Clam St OBA, North Beach","97",NA,2.59062788135166
13,"Ocean Shores Butter Clam St OBA, North Beach","98",-1.46418062441595,2.59062788135166
13,"Ocean Shores Butter Clam St OBA, North Beach","99",4.4655081327745,2.59062788135166
13,"Ocean Shores Butter Clam St OBA, North Beach","10",30.9960328831234,2.59062788135166
13,"Ocean Shores Butter Clam St OBA, North Beach","11",2.58580624857437,2.59062788135166
13,"Ocean Shores Butter Clam St OBA, North Beach","12",0.612733539140196,2.59062788135166
13,"Ocean Shores Butter Clam St OBA, North Beach","13",-5.92950862244365,2.59062788135166
13,"Ocean Shores Butter Clam St OBA, North Beach","14",17.6642439140659,2.59062788135166
13,"Ocean Shores Butter Clam St OBA, North Beach","15",-19.9781267054288,2.59062788135166
13,"Ocean Shores Butter Clam St OBA, North Beach","16",10.4889318635955,2.59062788135166
13,"Ocean Shores Butter Clam St OBA, North Beach","17",-4.55901328801404,2.59062788135166
13,"Ocean Shores Butter Clam St OBA, North Beach","18",8.88554347799741,2.59062788135166
13,"Ocean Shores Butter Clam St OBA, North Beach","19",0.392685442705679,2.59062788135166
13,"Ocean Shores Butter Clam St OBA, North Beach","20",-5.74981064844964,2.59062788135166
13,"Ocean Shores Butter Clam St OBA, North Beach","21",-3.8827388570071,2.59062788135166
13,"Ocean Shores Butter Clam St OBA, North Beach","22",4.33131146405711,2.59062788135166
14,"Ocean Shores North Jetty North, North Beach","97",NA,1.19854997070501
14,"Ocean Shores North Jetty North, North Beach","98",9.52622856910921,1.19854997070501
14,"Ocean Shores North Jetty North, North Beach","99",-0.00947243344444029,1.19854997070501
14,"Ocean Shores North Jetty North, North Beach","10",12.5434588074902,1.19854997070501
14,"Ocean Shores North Jetty North, North Beach","11",-2.01815146937444,1.19854997070501
14,"Ocean Shores North Jetty North, North Beach","12",-0.642862052368346,1.19854997070501
14,"Ocean Shores North Jetty North, North Beach","13",2.89347281841794,1.19854997070501
14,"Ocean Shores North Jetty North, North Beach","14",3.81198848921847,1.19854997070501
14,"Ocean Shores North Jetty North, North Beach","15",-4.8968701657834,1.19854997070501
14,"Ocean Shores North Jetty North, North Beach","16",-8.84485238550694,1.19854997070501
14,"Ocean Shores North Jetty North, North Beach","17",12.1958505016178,1.19854997070501
14,"Ocean Shores North Jetty North, North Beach","18",-4.60832421081902,1.19854997070501
14,"Ocean Shores North Jetty North, North Beach","19",17.21722833865,1.19854997070501
14,"Ocean Shores North Jetty North, North Beach","20",-6.36086620210292,1.19854997070501
14,"Ocean Shores North Jetty North, North Beach","21",-7.72889206330539,1.19854997070501
14,"Ocean Shores North Jetty North, North Beach","22",-5.09968698122354,1.19854997070501
15,"Ocean Shores North Jetty South, North Beach","97",NA,1.70426023541246
15,"Ocean Shores North Jetty South, North Beach","98",-2.3073248242233,1.70426023541246
15,"Ocean Shores North Jetty South, North Beach","99",3.74268244895136,1.70426023541246
15,"Ocean Shores North Jetty South, North Beach","10",5.14892568076162,1.70426023541246
15,"Ocean Shores North Jetty South, North Beach","11",16.4228275054168,1.70426023541246
15,"Ocean Shores North Jetty South, North Beach","12",-6.27980165597557,1.70426023541246
15,"Ocean Shores North Jetty South, North Beach","13",4.21950890854586,1.70426023541246
15,"Ocean Shores North Jetty South, North Beach","14",-0.570151883663648,1.70426023541246
15,"Ocean Shores North Jetty South, North Beach","15",2.79817244358826,1.70426023541246
15,"Ocean Shores North Jetty South, North Beach","16",-8.08286623952594,1.70426023541246
15,"Ocean Shores North Jetty South, North Beach","17",5.92557277994555,1.70426023541246
15,"Ocean Shores North Jetty South, North Beach","18",-8.5343903030198,1.70426023541246
15,"Ocean Shores North Jetty South, North Beach","19",7.96796796414838,1.70426023541246
16,"Westport Light North, Grayland Plains","97",NA,0.83772439934394
16,"Westport Light North, Grayland Plains","98",7.62360015231431,0.83772439934394
16,"Westport Light North, Grayland Plains","99",6.83252149532809,0.83772439934394
16,"Westport Light North, Grayland Plains","10",-5.13752543243245,0.83772439934394
16,"Westport Light North, Grayland Plains","11",6.90148743287477,0.83772439934394
16,"Westport Light North, Grayland Plains","12",-5.6298459190375,0.83772439934394
16,"Westport Light North, Grayland Plains","13",-1.06634675663871,0.83772439934394
16,"Westport Light North, Grayland Plains","14",5.40401651875198,0.83772439934394
16,"Westport Light North, Grayland Plains","15",0.624249850923804,0.83772439934394
16,"Westport Light North, Grayland Plains","16",-3.73776148287787,0.83772439934394
16,"Westport Light North, Grayland Plains","17",5.62597388576754,0.83772439934394
16,"Westport Light North, Grayland Plains","18",-0.0711359327791682,0.83772439934394
16,"Westport Light North, Grayland Plains","19",-2.6231087512625,0.83772439934394
16,"Westport Light North, Grayland Plains","20",-10.6136976947094,0.83772439934394
16,"Westport Light North, Grayland Plains","21",7.59571422459223,0.83772439934394
17,"Westport Light South, Grayland Plains","97",NA,2.05397195681635
17,"Westport Light South, Grayland Plains","98",-1.57728759350231,2.05397195681635
17,"Westport Light South, Grayland Plains","99",22.7211351039585,2.05397195681635
17,"Westport Light South, Grayland Plains","10",-14.6317314211861,2.05397195681635
17,"Westport Light South, Grayland Plains","11",12.5476039837693,2.05397195681635
17,"Westport Light South, Grayland Plains","12",-3.50511269988773,2.05397195681635
17,"Westport Light South, Grayland Plains","13",7.4673444142044,2.05397195681635
17,"Westport Light South, Grayland Plains","14",4.27961937932035,2.05397195681635
17,"Westport Light South, Grayland Plains","15",-4.92808248333365,2.05397195681635
17,"Westport Light South, Grayland Plains","16",-5.41547836422695,2.05397195681635
17,"Westport Light South, Grayland Plains","17",-9.06941950619945,2.05397195681635
17,"Westport Light South, Grayland Plains","18",12.363296106936,2.05397195681635
17,"Westport Light South, Grayland Plains","19",4.19801610213826,2.05397195681635
17,"Westport Light South, Grayland Plains","20",0.917410491048335,2.05397195681635
17,"Westport Light South, Grayland Plains","21",-11.6882217837417,2.05397195681635
17,"Westport Light South, Grayland Plains","22",17.130487622948,2.05397195681635
18,"Westport Ocean Ave OBA, Grayland Plains","97",NA,1.28123826520252
18,"Westport Ocean Ave OBA, Grayland Plains","98",3.29806155044044,1.28123826520252
18,"Westport Ocean Ave OBA, Grayland Plains","99",7.26169709582847,1.28123826520252
18,"Westport Ocean Ave OBA, Grayland Plains","10",1.9670821374588,1.28123826520252
18,"Westport Ocean Ave OBA, Grayland Plains","11",0.951170962221498,1.28123826520252
18,"Westport Ocean Ave OBA, Grayland Plains","12",-6.60618811817852,1.28123826520252
18,"Westport Ocean Ave OBA, Grayland Plains","13",12.8832982770987,1.28123826520252
18,"Westport Ocean Ave OBA, Grayland Plains","14",8.49847864855854,1.28123826520252
18,"Westport Ocean Ave OBA, Grayland Plains","15",-7.17969471037329,1.28123826520252
18,"Westport Ocean Ave OBA, Grayland Plains","16",-7.15970416214911,1.28123826520252
18,"Westport Ocean Ave OBA, Grayland Plains","17",-12.5217766733316,1.28123826520252
18,"Westport Ocean Ave OBA, Grayland Plains","18",3.89714491871096,1.28123826520252
18,"Westport Ocean Ave OBA, Grayland Plains","19",15.3046587930372,1.28123826520252
18,"Westport Ocean Ave OBA, Grayland Plains","20",-6.41013626406038,1.28123826520252
18,"Westport Ocean Ave OBA, Grayland Plains","21",3.75324325757369,1.28123826520252
19,"Bonge Ave OBA, Grayland Plains","97",NA,0.945665182639038
19,"Bonge Ave OBA, Grayland Plains","98",2.05334899523954,0.945665182639038
19,"Bonge Ave OBA, Grayland Plains","99",1.03592193541949,0.945665182639038
19,"Bonge Ave OBA, Grayland Plains","10",3.7375778568459,0.945665182639038
19,"Bonge Ave OBA, Grayland Plains","11",5.77489248793617,0.945665182639038
19,"Bonge Ave OBA, Grayland Plains","12",2.10176958671431,0.945665182639038
19,"Bonge Ave OBA, Grayland Plains","13",-0.346227452517671,0.945665182639038
19,"Bonge Ave OBA, Grayland Plains","14",1.73990710191408,0.945665182639038
19,"Bonge Ave OBA, Grayland Plains","15",-3.46927315503332,0.945665182639038
19,"Bonge Ave OBA, Grayland Plains","16",-1.63908957414729,0.945665182639038
19,"Bonge Ave OBA, Grayland Plains","17",2.50750262302288,0.945665182639038
19,"Bonge Ave OBA, Grayland Plains","18",-0.759151913081037,0.945665182639038
19,"Bonge Ave OBA, Grayland Plains","19",0.0286007485370966,0.945665182639038
19,"Bonge Ave OBA, Grayland Plains","20",4.42538984391889,0.945665182639038
19,"Bonge Ave OBA, Grayland Plains","21",-2.78506890092494,0.945665182639038
19,"Bonge Ave OBA, Grayland Plains","22",-0.221122444258524,0.945665182639038
20,"Marine Drive OBA, Grayland Plains","97",NA,1.77927051179059
20,"Marine Drive OBA, Grayland Plains","98",4.30789885620589,1.77927051179059
20,"Marine Drive OBA, Grayland Plains","99",3.58657133514029,1.77927051179059
20,"Marine Drive OBA, Grayland Plains","10",-2.75004071441271,1.77927051179059
20,"Marine Drive OBA, Grayland Plains","11",10.2397190793598,1.77927051179059
20,"Marine Drive OBA, Grayland Plains","12",3.25629182710249,1.77927051179059
20,"Marine Drive OBA, Grayland Plains","13",0.306588721103639,1.77927051179059
20,"Marine Drive OBA, Grayland Plains","14",2.57485604005783,1.77927051179059
20,"Marine Drive OBA, Grayland Plains","15",-1.56328085421242,1.77927051179059
20,"Marine Drive OBA, Grayland Plains","16",0.444149897660361,1.77927051179059
20,"Marine Drive OBA, Grayland Plains","17",-0.827694490134816,1.77927051179059
20,"Marine Drive OBA, Grayland Plains","18",-1.00693731734717,1.77927051179059
20,"Marine Drive OBA, Grayland Plains","19",1.80601015625332,1.77927051179059
20,"Marine Drive OBA, Grayland Plains","20",4.25514820897218,1.77927051179059
20,"Marine Drive OBA, Grayland Plains","21",-0.827696723932602,1.77927051179059
20,"Marine Drive OBA, Grayland Plains","22",2.88747365504281,1.77927051179059
21,"Cranberry Beach Road OBA, Grayland Plains","97",NA,3.33202641042665
21,"Cranberry Beach Road OBA, Grayland Plains","98",-3.8698140947071,3.33202641042665
21,"Cranberry Beach Road OBA, Grayland Plains","99",-1.42692631383435,3.33202641042665
21,"Cranberry Beach Road OBA, Grayland Plains","10",10.8931351604841,3.33202641042665
21,"Cranberry Beach Road OBA, Grayland Plains","11",10.3534485998367,3.33202641042665
21,"Cranberry Beach Road OBA, Grayland Plains","12",1.10676298101115,3.33202641042665
21,"Cranberry Beach Road OBA, Grayland Plains","13",9.28394758903049,3.33202641042665
21,"Cranberry Beach Road OBA, Grayland Plains","14",2.86753471508644,3.33202641042665
21,"Cranberry Beach Road OBA, Grayland Plains","15",5.61213980853549,3.33202641042665
21,"Cranberry Beach Road OBA, Grayland Plains","16",0.145382528965403,3.33202641042665
21,"Cranberry Beach Road OBA, Grayland Plains","17",-2.88157067619021,3.33202641042665
21,"Cranberry Beach Road OBA, Grayland Plains","18",-1.6967208879183,3.33202641042665
21,"Cranberry Beach Road OBA, Grayland Plains","19",10.1123492704756,3.33202641042665
21,"Cranberry Beach Road OBA, Grayland Plains","20",-4.72129006091172,3.33202641042665
21,"Cranberry Beach Road OBA, Grayland Plains","21",10.8699911261093,3.33202641042665
22,"Midway Beach Rd OBA, Grayland Plains","97",NA,7.05066139181698
22,"Midway Beach Rd OBA, Grayland Plains","98",-2.11133818526706,7.05066139181698
22,"Midway Beach Rd OBA, Grayland Plains","99",8.9283237727725,7.05066139181698
22,"Midway Beach Rd OBA, Grayland Plains","10",84.1027579253382,7.05066139181698
22,"Midway Beach Rd OBA, Grayland Plains","11",-3.16141225908006,7.05066139181698
22,"Midway Beach Rd OBA, Grayland Plains","12",-5.5364198135028,7.05066139181698
22,"Midway Beach Rd OBA, Grayland Plains","13",12.500072561511,7.05066139181698
22,"Midway Beach Rd OBA, Grayland Plains","14",18.0306685318539,7.05066139181698
22,"Midway Beach Rd OBA, Grayland Plains","15",2.91056779537609,7.05066139181698
22,"Midway Beach Rd OBA, Grayland Plains","16",-12.8240678372613,7.05066139181698
22,"Midway Beach Rd OBA, Grayland Plains","17",8.73862880647171,7.05066139181698
22,"Midway Beach Rd OBA, Grayland Plains","18",-5.26789377149356,7.05066139181698
22,"Midway Beach Rd OBA, Grayland Plains","19",4.54238960152536,7.05066139181698
22,"Midway Beach Rd OBA, Grayland Plains","20",1.88202890361254,7.05066139181698
22,"Midway Beach Rd OBA, Grayland Plains","21",-14.0250465464188,7.05066139181698
23,"Warrenton Cannery Rd OBA, Grayland Plains","97",NA,6.64208612028403
23,"Warrenton Cannery Rd OBA, Grayland Plains","98",-31.9815628098483,6.64208612028403
23,"Warrenton Cannery Rd OBA, Grayland Plains","99",-2.40029164959154,6.64208612028403
23,"Warrenton Cannery Rd OBA, Grayland Plains","10",-71.5057144707555,6.64208612028403
23,"Warrenton Cannery Rd OBA, Grayland Plains","11",113.255769707709,6.64208612028403
23,"Warrenton Cannery Rd OBA, Grayland Plains","12",23.531672701108,6.64208612028403
23,"Warrenton Cannery Rd OBA, Grayland Plains","13",-13.9737987951174,6.64208612028403
23,"Warrenton Cannery Rd OBA, Grayland Plains","14",70.3928847891447,6.64208612028403
23,"Warrenton Cannery Rd OBA, Grayland Plains","15",18.449677126539,6.64208612028403
23,"Warrenton Cannery Rd OBA, Grayland Plains","16",-15.5520015106579,6.64208612028403
23,"Warrenton Cannery Rd OBA, Grayland Plains","17",-4.9165285996509,6.64208612028403
23,"Warrenton Cannery Rd OBA, Grayland Plains","18",-10.0996260389526,6.64208612028403
23,"Warrenton Cannery Rd OBA, Grayland Plains","19",26.7667132284716,6.64208612028403
23,"Warrenton Cannery Rd OBA, Grayland Plains","20",-8.43010376357762,6.64208612028403
23,"Warrenton Cannery Rd OBA, Grayland Plains","21",-0.547884230844394,6.64208612028403
24,"North Cove, Grayland Plains","97",NA,-5.22329732298282
24,"North Cove, Grayland Plains","98",-1.09307303801674,-5.22329732298282
24,"North Cove, Grayland Plains","99",-9.3535216079489,-5.22329732298282
25,"Leadbetter Point North, Long Beach","97",NA,3.50008287990806
25,"Leadbetter Point North, Long Beach","98",-4.11785040015665,3.50008287990806
25,"Leadbetter Point North, Long Beach","99",15.7037160036482,3.50008287990806
25,"Leadbetter Point North, Long Beach","10",24.2431329065007,3.50008287990806
25,"Leadbetter Point North, Long Beach","11",-3.97123030810538,3.50008287990806
25,"Leadbetter Point North, Long Beach","12",-3.17416729524407,3.50008287990806
25,"Leadbetter Point North, Long Beach","13",19.3628398037059,3.50008287990806
25,"Leadbetter Point North, Long Beach","14",-5.92333403418846,3.50008287990806
25,"Leadbetter Point North, Long Beach","15",4.16147574709005,3.50008287990806
25,"Leadbetter Point North, Long Beach","16",3.44520408542898,3.50008287990806
25,"Leadbetter Point North, Long Beach","17",-7.3811235383192,3.50008287990806
25,"Leadbetter Point North, Long Beach","18",2.13820429372013,3.50008287990806
25,"Leadbetter Point North, Long Beach","19",-2.48587270518343,3.50008287990806
26,"Leadbetter Point South, Long Beach","97",NA,6.00131656274334
26,"Leadbetter Point South, Long Beach","98",2.46243321515478,6.00131656274334
26,"Leadbetter Point South, Long Beach","99",0.738107151188672,6.00131656274334
26,"Leadbetter Point South, Long Beach","10",51.4146027902163,6.00131656274334
26,"Leadbetter Point South, Long Beach","11",-17.7947762103058,6.00131656274334
26,"Leadbetter Point South, Long Beach","12",19.7434443925508,6.00131656274334
26,"Leadbetter Point South, Long Beach","13",-14.2661200857597,6.00131656274334
26,"Leadbetter Point South, Long Beach","14",41.003827502361,6.00131656274334
26,"Leadbetter Point South, Long Beach","15",-12.5355533017633,6.00131656274334
26,"Leadbetter Point South, Long Beach","16",8.54284203386801,6.00131656274334
26,"Leadbetter Point South, Long Beach","17",-13.5883424398736,6.00131656274334
26,"Leadbetter Point South, Long Beach","18",-15.7973141979165,6.00131656274334
26,"Leadbetter Point South, Long Beach","19",22.0926479031994,6.00131656274334
27,"Leadbetter Point Bearberry Trail, Long Beach","97",NA,1.09452858576494
27,"Leadbetter Point Bearberry Trail, Long Beach","98",9.00867700274538,1.09452858576494
27,"Leadbetter Point Bearberry Trail, Long Beach","99",-1.86318980553053,1.09452858576494
27,"Leadbetter Point Bearberry Trail, Long Beach","10",12.9311267285323,1.09452858576494
27,"Leadbetter Point Bearberry Trail, Long Beach","11",-1.01336003136687,1.09452858576494
27,"Leadbetter Point Bearberry Trail, Long Beach","12",6.54071120639261,1.09452858576494
27,"Leadbetter Point Bearberry Trail, Long Beach","13",-4.40253033828111,1.09452858576494
27,"Leadbetter Point Bearberry Trail, Long Beach","14",5.88414692140834,1.09452858576494
27,"Leadbetter Point Bearberry Trail, Long Beach","15",-4.40554920906049,1.09452858576494
27,"Leadbetter Point Bearberry Trail, Long Beach","16",-4.29412578439179,1.09452858576494
27,"Leadbetter Point Bearberry Trail, Long Beach","17",-6.3325634744636,1.09452858576494
27,"Leadbetter Point Bearberry Trail, Long Beach","18",4.33650568116378,1.09452858576494
27,"Leadbetter Point Bearberry Trail, Long Beach","19",-3.25550586796874,1.09452858576494
28,"Leadbetter Point Hines, Long Beach","97",NA,0.757154939668401
28,"Leadbetter Point Hines, Long Beach","98",1.95978491580794,0.757154939668401
28,"Leadbetter Point Hines, Long Beach","99",1.70824215148247,0.757154939668401
28,"Leadbetter Point Hines, Long Beach","10",11.5227170748206,0.757154939668401
28,"Leadbetter Point Hines, Long Beach","11",4.24366725494633,0.757154939668401
28,"Leadbetter Point Hines, Long Beach","12",6.34994234203746,0.757154939668401
28,"Leadbetter Point Hines, Long Beach","13",-8.18056521766224,0.757154939668401
28,"Leadbetter Point Hines, Long Beach","14",-1.61115666892865,0.757154939668401
28,"Leadbetter Point Hines, Long Beach","15",3.04592029731109,0.757154939668401
28,"Leadbetter Point Hines, Long Beach","16",1.8228139192749,0.757154939668401
28,"Leadbetter Point Hines, Long Beach","17",-8.73636146999582,0.757154939668401
28,"Leadbetter Point Hines, Long Beach","18",-0.337411830259027,0.757154939668401
28,"Leadbetter Point Hines, Long Beach","19",-2.70173349281423,0.757154939668401
29,"Leadbetter Point 357th Pl, Long Beach","97",NA,1.16408063782962
29,"Leadbetter Point 357th Pl, Long Beach","98",-3.04369284821024,1.16408063782962
29,"Leadbetter Point 357th Pl, Long Beach","99",4.73073227858597,1.16408063782962
29,"Leadbetter Point 357th Pl, Long Beach","10",7.18903241168837,1.16408063782962
29,"Leadbetter Point 357th Pl, Long Beach","11",4.37068260700318,1.16408063782962
29,"Leadbetter Point 357th Pl, Long Beach","12",10.0787575041546,1.16408063782962
29,"Leadbetter Point 357th Pl, Long Beach","13",-9.2344846697751,1.16408063782962
29,"Leadbetter Point 357th Pl, Long Beach","14",-2.39870422254915,1.16408063782962
29,"Leadbetter Point 357th Pl, Long Beach","15",-1.56166416623341,1.16408063782962
29,"Leadbetter Point 357th Pl, Long Beach","16",3.04463129754036,1.16408063782962
29,"Leadbetter Point 357th Pl, Long Beach","17",-3.13815814952621,1.16408063782962
29,"Leadbetter Point 357th Pl, Long Beach","18",-0.835472405591742,1.16408063782962
29,"Leadbetter Point 357th Pl, Long Beach","19",4.7673080168688,1.16408063782962
30,"Oysterville Rd OBA, Long Beach","97",NA,1.46196873557312
30,"Oysterville Rd OBA, Long Beach","98",5.59294150082953,1.46196873557312
30,"Oysterville Rd OBA, Long Beach","99",-1.7609459690684,1.46196873557312
30,"Oysterville Rd OBA, Long Beach","10",8.19964681660419,1.46196873557312
30,"Oysterville Rd OBA, Long Beach","11",0.629157467955728,1.46196873557312
30,"Oysterville Rd OBA, Long Beach","12",12.5402782391232,1.46196873557312
30,"Oysterville Rd OBA, Long Beach","13",-2.09652393819223,1.46196873557312
30,"Oysterville Rd OBA, Long Beach","14",-1.35140432045384,1.46196873557312
30,"Oysterville Rd OBA, Long Beach","15",-7.91681591589432,1.46196873557312
30,"Oysterville Rd OBA, Long Beach","16",6.16490796974129,1.46196873557312
30,"Oysterville Rd OBA, Long Beach","17",-5.98197984045133,1.46196873557312
30,"Oysterville Rd OBA, Long Beach","18",0.716732260217392,1.46196873557312
30,"Oysterville Rd OBA, Long Beach","19",2.80763055646613,1.46196873557312
31,"Oysterville Beach 311th St, Long Beach","97",NA,1.93136130661983
31,"Oysterville Beach 311th St, Long Beach","98",11.1222287473805,1.93136130661983
31,"Oysterville Beach 311th St, Long Beach","99",0.23233795291015,1.93136130661983
31,"Oysterville Beach 311th St, Long Beach","10",10.0846672369315,1.93136130661983
31,"Oysterville Beach 311th St, Long Beach","11",4.03200978392508,1.93136130661983
31,"Oysterville Beach 311th St, Long Beach","12",3.45854458221456,1.93136130661983
31,"Oysterville Beach 311th St, Long Beach","13",1.70599067473726,1.93136130661983
31,"Oysterville Beach 311th St, Long Beach","14",-1.71362002091707,1.93136130661983
31,"Oysterville Beach 311th St, Long Beach","15",2.30212307260723,1.93136130661983
31,"Oysterville Beach 311th St, Long Beach","16",-3.44268200014618,1.93136130661983
31,"Oysterville Beach 311th St, Long Beach","17",-4.85413878114585,1.93136130661983
31,"Oysterville Beach 311th St, Long Beach","18",-1.02484053972315,1.93136130661983
31,"Oysterville Beach 311th St, Long Beach","19",7.75206609780252,1.93136130661983
31,"Oysterville Beach 311th St, Long Beach","20",-4.54698982051874,1.93136130661983
32,"Oysterville Beach 295th St, Long Beach","97",NA,2.11418430459899
32,"Oysterville Beach 295th St, Long Beach","98",10.7471768329186,2.11418430459899
32,"Oysterville Beach 295th St, Long Beach","99",2.98437647573972,2.11418430459899
32,"Oysterville Beach 295th St, Long Beach","10",5.88545020615221,2.11418430459899
32,"Oysterville Beach 295th St, Long Beach","11",5.11242983886943,2.11418430459899
32,"Oysterville Beach 295th St, Long Beach","12",4.94117991134117,2.11418430459899
32,"Oysterville Beach 295th St, Long Beach","13",-2.91872978284312,2.11418430459899
32,"Oysterville Beach 295th St, Long Beach","14",8.06427614515323,2.11418430459899
32,"Oysterville Beach 295th St, Long Beach","15",-7.75858903132111,2.11418430459899
32,"Oysterville Beach 295th St, Long Beach","16",1.14058666489315,2.11418430459899
32,"Oysterville Beach 295th St, Long Beach","17",-2.16322754703815,2.11418430459899
32,"Oysterville Beach 295th St, Long Beach","18",-1.94951667829514,2.11418430459899
32,"Oysterville Beach 295th St, Long Beach","19",3.6671443646609,2.11418430459899
32,"Oysterville Beach 295th St, Long Beach","20",-0.268161440444044,2.11418430459899
33,"Pacific Pines, Long Beach","97",NA,1.87339654169878
33,"Pacific Pines, Long Beach","98",5.41419758972814,1.87339654169878
33,"Pacific Pines, Long Beach","99",5.98036167933623,1.87339654169878
33,"Pacific Pines, Long Beach","10",5.82748770122117,1.87339654169878
33,"Pacific Pines, Long Beach","11",7.75889631720212,1.87339654169878
33,"Pacific Pines, Long Beach","12",5.66632249973665,1.87339654169878
33,"Pacific Pines, Long Beach","13",-0.30531411073465,1.87339654169878
33,"Pacific Pines, Long Beach","14",-5.20475635824277,1.87339654169878
33,"Pacific Pines, Long Beach","15",-5.08728683119528,1.87339654169878
33,"Pacific Pines, Long Beach","16",5.61690389345237,1.87339654169878
33,"Pacific Pines, Long Beach","17",-3.28991211919114,1.87339654169878
33,"Pacific Pines, Long Beach","18",1.07368288253876,1.87339654169878
33,"Pacific Pines, Long Beach","19",2.07933976592262,1.87339654169878
33,"Pacific Pines, Long Beach","20",-1.17576786769008,1.87339654169878
34,"Klipsan Beach, Long Beach","97",NA,1.09006111554423
34,"Klipsan Beach, Long Beach","98",-3.14926438821993,1.09006111554423
34,"Klipsan Beach, Long Beach","99",6.68817744135881,1.09006111554423
34,"Klipsan Beach, Long Beach","10",5.1462079862367,1.09006111554423
34,"Klipsan Beach, Long Beach","11",7.88379525454124,1.09006111554423
34,"Klipsan Beach, Long Beach","12",-0.692318181760628,1.09006111554423
34,"Klipsan Beach, Long Beach","13",2.01780152595617,1.09006111554423
34,"Klipsan Beach, Long Beach","14",2.40188491629308,1.09006111554423
34,"Klipsan Beach, Long Beach","15",-4.4522660056641,1.09006111554423
34,"Klipsan Beach, Long Beach","16",3.28362827852016,1.09006111554423
34,"Klipsan Beach, Long Beach","17",-7.11967492625231,1.09006111554423
34,"Klipsan Beach, Long Beach","18",4.23558074588535,1.09006111554423
34,"Klipsan Beach, Long Beach","19",4.86472153517413,1.09006111554423
34,"Klipsan Beach, Long Beach","20",-3.05387145968779,1.09006111554423
34,"Klipsan Beach, Long Beach","21",-0.0772606772359199,1.09006111554423
34,"Klipsan Beach, Long Beach","22",-1.62622531198145,1.09006111554423
35,"Loomis Lake State Park, Long Beach","97",NA,2.45262029839545
35,"Loomis Lake State Park, Long Beach","98",3.54242407881857,2.45262029839545
35,"Loomis Lake State Park, Long Beach","99",20.0986028050437,2.45262029839545
35,"Loomis Lake State Park, Long Beach","10",-3.91149529013767,2.45262029839545
35,"Loomis Lake State Park, Long Beach","11",-0.42413304646334,2.45262029839545
35,"Loomis Lake State Park, Long Beach","12",3.36672574372264,2.45262029839545
35,"Loomis Lake State Park, Long Beach","13",7.73512659951802,2.45262029839545
35,"Loomis Lake State Park, Long Beach","14",-1.35280446722076,2.45262029839545
35,"Loomis Lake State Park, Long Beach","15",-0.731512921851607,2.45262029839545
35,"Loomis Lake State Park, Long Beach","16",-1.47734385320449,2.45262029839545
35,"Loomis Lake State Park, Long Beach","17",-8.69885989992996,2.45262029839545
35,"Loomis Lake State Park, Long Beach","18",9.04558339940438,2.45262029839545
35,"Loomis Lake State Park, Long Beach","19",-0.23895117947013,2.45262029839545
35,"Loomis Lake State Park, Long Beach","20",-4.65820243578699,2.45262029839545
35,"Loomis Lake State Park, Long Beach","21",3.87501258125933,2.45262029839545
35,"Loomis Lake State Park, Long Beach","22",10.6191323622301,2.45262029839545
36,"Oceanside 156th Pl, Long Beach","97",NA,2.15867744971837
36,"Oceanside 156th Pl, Long Beach","98",-0.449758920410155,2.15867744971837
36,"Oceanside 156th Pl, Long Beach","99",6.24370341842226,2.15867744971837
36,"Oceanside 156th Pl, Long Beach","10",26.7274101990883,2.15867744971837
36,"Oceanside 156th Pl, Long Beach","11",2.04915963671541,2.15867744971837
36,"Oceanside 156th Pl, Long Beach","12",-0.739345632986035,2.15867744971837
36,"Oceanside 156th Pl, Long Beach","13",5.36944863259861,2.15867744971837
36,"Oceanside 156th Pl, Long Beach","14",-5.43442219812772,2.15867744971837
36,"Oceanside 156th Pl, Long Beach","15",-0.507757491350016,2.15867744971837
36,"Oceanside 156th Pl, Long Beach","16",-7.07273284254318,2.15867744971837
36,"Oceanside 156th Pl, Long Beach","17",0.16491819629483,2.15867744971837
36,"Oceanside 156th Pl, Long Beach","18",0.655783913825192,2.15867744971837
36,"Oceanside 156th Pl, Long Beach","19",4.67682350059221,2.15867744971837
36,"Oceanside 156th Pl, Long Beach","20",-3.62042356578091,2.15867744971837
37,"Oceanside 115th Ln, Long Beach","97",NA,2.01356471340841
37,"Oceanside 115th Ln, Long Beach","98",-5.66441846237711,2.01356471340841
37,"Oceanside 115th Ln, Long Beach","99",7.6757108563366,2.01356471340841
37,"Oceanside 115th Ln, Long Beach","10",18.7093122562205,2.01356471340841
37,"Oceanside 115th Ln, Long Beach","11",0.627464243661395,2.01356471340841
37,"Oceanside 115th Ln, Long Beach","12",-2.51041375864929,2.01356471340841
37,"Oceanside 115th Ln, Long Beach","13",10.6633031771257,2.01356471340841
37,"Oceanside 115th Ln, Long Beach","14",-2.56569315022097,2.01356471340841
37,"Oceanside 115th Ln, Long Beach","15",-1.13701074411469,2.01356471340841
37,"Oceanside 115th Ln, Long Beach","16",-2.21655907296208,2.01356471340841
37,"Oceanside 115th Ln, Long Beach","17",1.99197238238221,2.01356471340841
37,"Oceanside 115th Ln, Long Beach","18",-1.57226327823812,2.01356471340841
37,"Oceanside 115th Ln, Long Beach","19",0.161372111736803,2.01356471340841
38,"Long Beach 11th St, Long Beach","97",NA,1.23501201275144
38,"Long Beach 11th St, Long Beach","98",-3.29299641246306,1.23501201275144
38,"Long Beach 11th St, Long Beach","99",-0.0612217148949374,1.23501201275144
38,"Long Beach 11th St, Long Beach","10",12.4497800512119,1.23501201275144
38,"Long Beach 11th St, Long Beach","11",2.5767726858712,1.23501201275144
38,"Long Beach 11th St, Long Beach","12",13.7650929391504,1.23501201275144
38,"Long Beach 11th St, Long Beach","13",-1.21547969673643,1.23501201275144
38,"Long Beach 11th St, Long Beach","14",-8.77543222255158,1.23501201275144
38,"Long Beach 11th St, Long Beach","15",3.45370629441798,1.23501201275144
38,"Long Beach 11th St, Long Beach","16",1.52808390458903,1.23501201275144
38,"Long Beach 11th St, Long Beach","17",-9.89649525931026,1.23501201275144
38,"Long Beach 11th St, Long Beach","18",4.73162903499818,1.23501201275144
38,"Long Beach 11th St, Long Beach","19",-0.443295451265189,1.23501201275144
39,"Holman, Long Beach","97",NA,-0.119903453271023
39,"Holman, Long Beach","98",0.183156036928613,-0.119903453271023
39,"Holman, Long Beach","99",-0.85925443773524,-0.119903453271023
39,"Holman, Long Beach","10",6.03606352960262,-0.119903453271023
39,"Holman, Long Beach","11",-4.88274920229192,-0.119903453271023
39,"Holman, Long Beach","12",3.74746999914804,-0.119903453271023
39,"Holman, Long Beach","13",3.31226372739464,-0.119903453271023
39,"Holman, Long Beach","14",0.642376870074458,-0.119903453271023
39,"Holman, Long Beach","15",-0.710500835093342,-0.119903453271023
39,"Holman, Long Beach","16",0.752728682012168,-0.119903453271023
39,"Holman, Long Beach","17",-2.09814584000035,-0.119903453271023
39,"Holman, Long Beach","18",2.51720804861777,-0.119903453271023
39,"Holman, Long Beach","19",-10.0794580179097,-0.119903453271023
40,"Oceanview South, Long Beach","97",NA,0.521101136632729
40,"Oceanview South, Long Beach","98",2.60532720367528,0.521101136632729
40,"Oceanview South, Long Beach","99",-7.19612800791267,0.521101136632729
40,"Oceanview South, Long Beach","10",11.3030707444301,0.521101136632729
40,"Oceanview South, Long Beach","11",9.49271948535687,0.521101136632729
40,"Oceanview South, Long Beach","12",-5.52657351834336,0.521101136632729
40,"Oceanview South, Long Beach","13",7.26688655170941,0.521101136632729
40,"Oceanview South, Long Beach","14",-7.7555904879545,0.521101136632729
40,"Oceanview South, Long Beach","15",7.07041457257449,0.521101136632729
40,"Oceanview South, Long Beach","16",-2.63902738164714,0.521101136632729
40,"Oceanview South, Long Beach","17",-1.81327889168973,0.521101136632729
40,"Oceanview South, Long Beach","18",0.55797122796738,0.521101136632729
40,"Oceanview South, Long Beach","19",-7.11257785857343,0.521101136632729
41,"Cape Disappointment CANBY, Long Beach","97",NA,-0.710836076211308
41,"Cape Disappointment CANBY, Long Beach","98",-0.677281816300991,-0.710836076211308
41,"Cape Disappointment CANBY, Long Beach","99",-5.20275478105237,-0.710836076211308
41,"Cape Disappointment CANBY, Long Beach","10",-4.03516993487245,-0.710836076211308
41,"Cape Disappointment CANBY, Long Beach","11",4.7694727769963,-0.710836076211308
41,"Cape Disappointment CANBY, Long Beach","12",3.37165760496667,-0.710836076211308
41,"Cape Disappointment CANBY, Long Beach","13",-0.49509317319233,-0.710836076211308
41,"Cape Disappointment CANBY, Long Beach","14",-2.02017856987917,-0.710836076211308
41,"Cape Disappointment CANBY, Long Beach","15",3.68395514999792,-0.710836076211308
41,"Cape Disappointment CANBY, Long Beach","16",0.0781968779396257,-0.710836076211308
41,"Cape Disappointment CANBY, Long Beach","17",-16.3033619881022,-0.710836076211308
41,"Cape Disappointment CANBY, Long Beach","18",7.00811838758212,-0.710836076211308
41,"Cape Disappointment CANBY, Long Beach","19",8.9800727243156,-0.710836076211308
41,"Cape Disappointment CANBY, Long Beach","20",-6.10034375249527,-0.710836076211308
41,"Cape Disappointment CANBY, Long Beach","21",-3.09460440623927,-0.710836076211308
41,"Cape Disappointment CANBY, Long Beach","22",-0.625226242833819,-0.710836076211308
42,"Clatsop Spit","97",NA,1.19524838241846
42,"Clatsop Spit","98",17.4422132480707,1.19524838241846
42,"Clatsop Spit","99",5.0254476089747,1.19524838241846
42,"Clatsop Spit","10",-9.80103995478465,1.19524838241846
42,"Clatsop Spit","12",-3.34789044670875,1.19524838241846
42,"Clatsop Spit","13",1.0675921370466,1.19524838241846
42,"Clatsop Spit","14",-6.33519396447435,1.19524838241846
42,"Clatsop Spit","15",9.32558535841604,1.19524838241846
42,"Clatsop Spit","16",-4.2310375155516,1.19524838241846
42,"Clatsop Spit","17",2.40004529495077,1.19524838241846
42,"Clatsop Spit","18",4.41765343828898,1.19524838241846
42,"Clatsop Spit","19",-2.81564299762534,1.19524838241846
43,"Peter Iredale Rd OBA","97",NA,0.192775170576356
43,"Peter Iredale Rd OBA","98",8.38911417336538,0.192775170576356
43,"Peter Iredale Rd OBA","99",-3.12784504251916,0.192775170576356
43,"Peter Iredale Rd OBA","10",-7.7929879703215,0.192775170576356
43,"Peter Iredale Rd OBA","12",4.66805809617395,0.192775170576356
43,"Peter Iredale Rd OBA","13",4.05509457301181,0.192775170576356
43,"Peter Iredale Rd OBA","14",-7.53998631761599,0.192775170576356
43,"Peter Iredale Rd OBA","15",11.8136276348575,0.192775170576356
43,"Peter Iredale Rd OBA","16",-4.02267884938157,0.192775170576356
43,"Peter Iredale Rd OBA","17",-3.83772231417386,0.192775170576356
43,"Peter Iredale Rd OBA","18",3.01169904101971,0.192775170576356
43,"Peter Iredale Rd OBA","19",-3.49584614807634,0.192775170576356
44,"Delaura Beach Rd OBA","97",NA,1.32753439499389
44,"Delaura Beach Rd OBA","98",3.55984627436936,1.32753439499389
44,"Delaura Beach Rd OBA","99",0.762211504113615,1.32753439499389
44,"Delaura Beach Rd OBA","10",2.97048403417391,1.32753439499389
44,"Delaura Beach Rd OBA","12",13.5654503396837,1.32753439499389
44,"Delaura Beach Rd OBA","13",-6.78158072966519,1.32753439499389
44,"Delaura Beach Rd OBA","14",-3.09340391657632,1.32753439499389
44,"Delaura Beach Rd OBA","15",13.1912856252671,1.32753439499389
44,"Delaura Beach Rd OBA","16",-4.48205097715325,1.32753439499389
44,"Delaura Beach Rd OBA","17",-8.15728420007244,1.32753439499389
44,"Delaura Beach Rd OBA","18",4.5105331554689,1.32753439499389
44,"Delaura Beach Rd OBA","19",-2.21624910898897,1.32753439499389
44,"Delaura Beach Rd OBA","20",1.58546409924562,1.32753439499389
44,"Delaura Beach Rd OBA","21",-3.05534289149251,1.32753439499389
44,"Delaura Beach Rd OBA","22",6.22611832154088,1.32753439499389
45,"Slusher Lake Rd OBA","97",NA,1.01001760482841
45,"Slusher Lake Rd OBA","98",0.601236048469813,1.01001760482841
45,"Slusher Lake Rd OBA","99",3.84728361143182,1.01001760482841
45,"Slusher Lake Rd OBA","10",-0.762772212319135,1.01001760482841
45,"Slusher Lake Rd OBA","12",8.09848530360751,1.01001760482841
45,"Slusher Lake Rd OBA","13",0.851465681289287,1.01001760482841
45,"Slusher Lake Rd OBA","14",-1.17402689826044,1.01001760482841
45,"Slusher Lake Rd OBA","15",3.37470747118915,1.01001760482841
45,"Slusher Lake Rd OBA","16",-4.90812554302668,1.01001760482841
45,"Slusher Lake Rd OBA","17",-4.61524227703322,1.01001760482841
45,"Slusher Lake Rd OBA","18",14.0122130408309,1.01001760482841
45,"Slusher Lake Rd OBA","19",-15.8600166498178,1.01001760482841
45,"Slusher Lake Rd OBA","20",5.45240184294892,1.01001760482841
45,"Slusher Lake Rd OBA","21",2.24794659718554,1.01001760482841
45,"Slusher Lake Rd OBA","22",2.97469045110213,1.01001760482841
46,"Del Rey Beach Rd OBA","97",NA,8.51998843215884
46,"Del Rey Beach Rd OBA","98",7.66785589093592,8.51998843215884
46,"Del Rey Beach Rd OBA","99",2.76984388740552,8.51998843215884
46,"Del Rey Beach Rd OBA","10",15.1222655181351,8.51998843215884
47,"Seaside Beach","97",NA,0.874435387900491
47,"Seaside Beach","98",7.66532954749755,0.874435387900491
47,"Seaside Beach","99",-4.61023064973598,0.874435387900491
47,"Seaside Beach","10",-0.431792734060091,0.874435387900491
48,"Quinault Beach, North Beach","99",NA,4.20571023314915
48,"Quinault Beach, North Beach","10",25.4523550552689,4.20571023314915
48,"Quinault Beach, North Beach","11",14.4857469979875,4.20571023314915
48,"Quinault Beach, North Beach","12",-0.586815793736749,4.20571023314915
48,"Quinault Beach, North Beach","13",0.173882972936891,4.20571023314915
48,"Quinault Beach, North Beach","14",2.27835728414965,4.20571023314915
48,"Quinault Beach, North Beach","15",-1.37851286295558,4.20571023314915
48,"Quinault Beach, North Beach","16",0.00520042678686696,4.20571023314915
48,"Quinault Beach, North Beach","17",-3.25837691063688,4.20571023314915
48,"Quinault Beach, North Beach","18",-3.08314776411672,4.20571023314915
48,"Quinault Beach, North Beach","19",7.96841292580756,4.20571023314915
49,"Chautauqua Resort, Long Beach","10",NA,0.0222860045107495
49,"Chautauqua Resort, Long Beach","11",-1.49023783755736,0.0222860045107495
49,"Chautauqua Resort, Long Beach","12",-1.07834472222119,0.0222860045107495
49,"Chautauqua Resort, Long Beach","13",12.8178200933063,0.0222860045107495
49,"Chautauqua Resort, Long Beach","14",-0.752917781405037,0.0222860045107495
49,"Chautauqua Resort, Long Beach","15",-4.01341689982728,0.0222860045107495
49,"Chautauqua Resort, Long Beach","16",-5.51638004066989,0.0222860045107495
49,"Chautauqua Resort, Long Beach","17",-0.795647689546229,0.0222860045107495
49,"Chautauqua Resort, Long Beach","18",7.10746330300392,0.0222860045107495
49,"Chautauqua Resort, Long Beach","19",-6.07776438448648,0.0222860045107495
50,"Seaview, Long Beach","10",NA,0.00770115069928785
50,"Seaview, Long Beach","11",4.54792270137042,0.00770115069928785
50,"Seaview, Long Beach","12",5.13106037239654,0.00770115069928785
50,"Seaview, Long Beach","13",0.873510020831365,0.00770115069928785
50,"Seaview, Long Beach","14",-2.52539111857844,0.00770115069928785
50,"Seaview, Long Beach","15",2.98868139656053,0.00770115069928785
50,"Seaview, Long Beach","16",-6.38724320590612,0.00770115069928785
50,"Seaview, Long Beach","17",-4.54107439332813,0.00770115069928785
50,"Seaview, Long Beach","18",6.01229347278754,0.00770115069928785
50,"Seaview, Long Beach","19",-6.03044888984012,0.00770115069928785
51,"Beard's Hollow Cape Disappointment, Long Beach","10",NA,-0.774390980573219
51,"Beard's Hollow Cape Disappointment, Long Beach","11",1.42223488411332,-0.774390980573219
51,"Beard's Hollow Cape Disappointment, Long Beach","12",-3.43241105324665,-0.774390980573219
51,"Beard's Hollow Cape Disappointment, Long Beach","13",-0.150274270040295,-0.774390980573219
51,"Beard's Hollow Cape Disappointment, Long Beach","14",4.14767571343872,-0.774390980573219
51,"Beard's Hollow Cape Disappointment, Long Beach","15",8.05646647670692,-0.774390980573219
51,"Beard's Hollow Cape Disappointment, Long Beach","16",0.107783570393378,-0.774390980573219
51,"Beard's Hollow Cape Disappointment, Long Beach","17",-6.89688477295883,-0.774390980573219
51,"Beard's Hollow Cape Disappointment, Long Beach","18",0.557518882670812,-0.774390980573219
51,"Beard's Hollow Cape Disappointment, Long Beach","19",-10.7816282562364,-0.774390980573219
52,"A Loop Cape Disappointment, Long Beach","10",NA,-1.0865532366378
52,"A Loop Cape Disappointment, Long Beach","11",-1.07590897184185,-1.0865532366378
52,"A Loop Cape Disappointment, Long Beach","12",-2.12550697165166,-1.0865532366378
52,"A Loop Cape Disappointment, Long Beach","13",10.0982884973771,-1.0865532366378
52,"A Loop Cape Disappointment, Long Beach","14",-5.5548383649832,-1.0865532366378
52,"A Loop Cape Disappointment, Long Beach","15",6.78466044085227,-1.0865532366378
52,"A Loop Cape Disappointment, Long Beach","16",-1.75574842318232,-1.0865532366378
52,"A Loop Cape Disappointment, Long Beach","17",-14.6429865826967,-1.0865532366378
52,"A Loop Cape Disappointment, Long Beach","18",5.7428974104777,-1.0865532366378
52,"A Loop Cape Disappointment, Long Beach","19",-7.24983616409149,-1.0865532366378
53,"Benson Beach North Cape Disappointment, Long Beach","10",NA,-0.930010596622692
53,"Benson Beach North Cape Disappointment, Long Beach","11",-0.205664028910346,-0.930010596622692
53,"Benson Beach North Cape Disappointment, Long Beach","12",10.0203459584373,-0.930010596622692
53,"Benson Beach North Cape Disappointment, Long Beach","13",1.39804382229095,-0.930010596622692
53,"Benson Beach North Cape Disappointment, Long Beach","14",3.39709521142916,-0.930010596622692
53,"Benson Beach North Cape Disappointment, Long Beach","15",-10.9563765478261,-0.930010596622692
53,"Benson Beach North Cape Disappointment, Long Beach","16",-15.4536656637547,-0.930010596622692
53,"Benson Beach North Cape Disappointment, Long Beach","17",-3.02035794996163,-0.930010596622692
53,"Benson Beach North Cape Disappointment, Long Beach","18",8.70769648639047,-0.930010596622692
53,"Benson Beach North Cape Disappointment, Long Beach","19",-2.25721265769925,-0.930010596622692
54,"Benson Beach South Cape Disappointment, Long Beach","10",NA,-0.333989940754221
54,"Benson Beach South Cape Disappointment, Long Beach","11",16.2826687190257,-0.333989940754221
54,"Benson Beach South Cape Disappointment, Long Beach","12",3.36516279073078,-0.333989940754221
54,"Benson Beach South Cape Disappointment, Long Beach","13",-3.95218234194365,-0.333989940754221
54,"Benson Beach South Cape Disappointment, Long Beach","14",-2.49471345485382,-0.333989940754221
54,"Benson Beach South Cape Disappointment, Long Beach","15",3.3145008177311,-0.333989940754221
54,"Benson Beach South Cape Disappointment, Long Beach","16",-15.8205615246806,-0.333989940754221
54,"Benson Beach South Cape Disappointment, Long Beach","17",-7.52932959723402,-0.333989940754221
54,"Benson Beach South Cape Disappointment, Long Beach","18",12.9490338833566,-0.333989940754221
54,"Benson Beach South Cape Disappointment, Long Beach","19",-9.12048875892014,-0.333989940754221
